2016-Jun-18 10:51,1900909002236,Rajit,Bundy
2016-Jun-18 10:51,2900904302236,Rambo,Mutley
2016-Jun-18 10:51,8888888888888,Idiot,Gringo
2016-Jun-18 10:51,9555682954009,Sandeep,Mutley
2016-Jun-18 10:51,6789293661803,Random Guy,Bundy
2016-Jun-18 10:51,6789293661803,Samir,Bundy
2016-Jun-18 11:01,1900909002236,Rajit,Bundy
2016-Jun-18 11:01,2900904302236,Rambo,Mutley
2016-Jun-18 11:01,8888888888888,Idiot,Gringo
2016-Jun-18 11:01,9555682954009,Sandeep,Mutley
2016-Jun-18 11:01,6789293661803,Random Guy,Bundy
2016-Jun-18 11:01,6789293661803,Samir,Bundy
2016-Jun-18 11:02,1900909002236,Rajit,Bundy
2016-Jun-18 11:02,2900904302236,Rambo,Mutley
2016-Jun-18 11:02,8888888888888,Idiot,Gringo
2016-Jun-18 11:02,9555682954009,Sandeep,Mutley
2016-Jun-18 11:02,6789293661803,Random Guy,Bundy
2016-Jun-18 11:02,6789293661803,Samir,Bundy
